Lower Layer Super Output Areas Code,Lower Layer Super Output Areas,Household deprivation (6 categories) Code,Household deprivation (6 categories),Observation
E01003013,Lambeth 036A,-8,Does not apply,0
E01003013,Lambeth 036A,1,Household is not deprived in any dimension,473
E01003013,Lambeth 036A,2,Household is deprived in one dimension,205
E01003013,Lambeth 036A,3,Household is deprived in two dimensions,35
E01003013,Lambeth 036A,4,Household is deprived in three dimensions,5
E01003013,Lambeth 036A,5,Household is deprived in four dimensions,2
E01003014,Lambeth 036B,-8,Does not apply,0
E01003014,Lambeth 036B,1,Household is not deprived in any dimension,280
E01003014,Lambeth 036B,2,Household is deprived in one dimension,207
E01003014,Lambeth 036B,3,Household is deprived in two dimensions,107
E01003014,Lambeth 036B,4,Household is deprived in three dimensions,44
E01003014,Lambeth 036B,5,Household is deprived in four dimensions,0
E01003015,Lambeth 002A,-8,Does not apply,0
E01003015,Lambeth 002A,1,Household is not deprived in any dimension,317
E01003015,Lambeth 002A,2,Household is deprived in one dimension,294
E01003015,Lambeth 002A,3,Household is deprived in two dimensions,151
E01003015,Lambeth 002A,4,Household is deprived in three dimensions,38
E01003015,Lambeth 002A,5,Household is deprived in four dimensions,2
E01003016,Lambeth 036C,-8,Does not apply,0
E01003016,Lambeth 036C,1,Household is not deprived in any dimension,228
E01003016,Lambeth 036C,2,Household is deprived in one dimension,129
E01003016,Lambeth 036C,3,Household is deprived in two dimensions,52
E01003016,Lambeth 036C,4,Household is deprived in three dimensions,11
E01003016,Lambeth 036C,5,Household is deprived in four dimensions,1
E01003017,Lambeth 036D,-8,Does not apply,0
E01003017,Lambeth 036D,1,Household is not deprived in any dimension,376
E01003017,Lambeth 036D,2,Household is deprived in one dimension,244
E01003017,Lambeth 036D,3,Household is deprived in two dimensions,104
E01003017,Lambeth 036D,4,Household is deprived in three dimensions,36
E01003017,Lambeth 036D,5,Household is deprived in four dimensions,6
E01003018,Lambeth 020A,-8,Does not apply,0
E01003018,Lambeth 020A,1,Household is not deprived in any dimension,514
E01003018,Lambeth 020A,2,Household is deprived in one dimension,313
E01003018,Lambeth 020A,3,Household is deprived in two dimensions,84
E01003018,Lambeth 020A,4,Household is deprived in three dimensions,18
E01003018,Lambeth 020A,5,Household is deprived in four dimensions,2
E01003019,Lambeth 015A,-8,Does not apply,0
E01003019,Lambeth 015A,1,Household is not deprived in any dimension,556
E01003019,Lambeth 015A,2,Household is deprived in one dimension,242
E01003019,Lambeth 015A,3,Household is deprived in two dimensions,69
E01003019,Lambeth 015A,4,Household is deprived in three dimensions,23
E01003019,Lambeth 015A,5,Household is deprived in four dimensions,0
E01003020,Lambeth 016A,-8,Does not apply,0
E01003020,Lambeth 016A,1,Household is not deprived in any dimension,443
E01003020,Lambeth 016A,2,Household is deprived in one dimension,271
E01003020,Lambeth 016A,3,Household is deprived in two dimensions,86
E01003020,Lambeth 016A,4,Household is deprived in three dimensions,26
E01003020,Lambeth 016A,5,Household is deprived in four dimensions,2
E01003021,Lambeth 021A,-8,Does not apply,0
E01003021,Lambeth 021A,1,Household is not deprived in any dimension,267
E01003021,Lambeth 021A,2,Household is deprived in one dimension,218
E01003021,Lambeth 021A,3,Household is deprived in two dimensions,110
E01003021,Lambeth 021A,4,Household is deprived in three dimensions,38
E01003021,Lambeth 021A,5,Household is deprived in four dimensions,2
E01003022,Lambeth 021B,-8,Does not apply,0
E01003022,Lambeth 021B,1,Household is not deprived in any dimension,419
E01003022,Lambeth 021B,2,Household is deprived in one dimension,197
E01003022,Lambeth 021B,3,Household is deprived in two dimensions,92
E01003022,Lambeth 021B,4,Household is deprived in three dimensions,26
E01003022,Lambeth 021B,5,Household is deprived in four dimensions,0
E01003023,Lambeth 021C,-8,Does not apply,0
E01003023,Lambeth 021C,1,Household is not deprived in any dimension,564
E01003023,Lambeth 021C,2,Household is deprived in one dimension,376
E01003023,Lambeth 021C,3,Household is deprived in two dimensions,133
E01003023,Lambeth 021C,4,Household is deprived in three dimensions,29
E01003023,Lambeth 021C,5,Household is deprived in four dimensions,2
E01003024,Lambeth 021D,-8,Does not apply,0
E01003024,Lambeth 021D,1,Household is not deprived in any dimension,312
E01003024,Lambeth 021D,2,Household is deprived in one dimension,288
E01003024,Lambeth 021D,3,Household is deprived in two dimensions,151
E01003024,Lambeth 021D,4,Household is deprived in three dimensions,32
E01003024,Lambeth 021D,5,Household is deprived in four dimensions,2
E01003025,Lambeth 021E,-8,Does not apply,0
E01003025,Lambeth 021E,1,Household is not deprived in any dimension,418
E01003025,Lambeth 021E,2,Household is deprived in one dimension,283
E01003025,Lambeth 021E,3,Household is deprived in two dimensions,114
E01003025,Lambeth 021E,4,Household is deprived in three dimensions,31
E01003025,Lambeth 021E,5,Household is deprived in four dimensions,3
E01003026,Lambeth 019A,-8,Does not apply,0
E01003026,Lambeth 019A,1,Household is not deprived in any dimension,396
E01003026,Lambeth 019A,2,Household is deprived in one dimension,175
E01003026,Lambeth 019A,3,Household is deprived in two dimensions,43
E01003026,Lambeth 019A,4,Household is deprived in three dimensions,10
E01003026,Lambeth 019A,5,Household is deprived in four dimensions,0
E01003027,Lambeth 019B,-8,Does not apply,0
E01003027,Lambeth 019B,1,Household is not deprived in any dimension,387
E01003027,Lambeth 019B,2,Household is deprived in one dimension,107
E01003027,Lambeth 019B,3,Household is deprived in two dimensions,24
E01003027,Lambeth 019B,4,Household is deprived in three dimensions,3
E01003027,Lambeth 019B,5,Household is deprived in four dimensions,0
E01003028,Lambeth 019C,-8,Does not apply,0
E01003028,Lambeth 019C,1,Household is not deprived in any dimension,352
E01003028,Lambeth 019C,2,Household is deprived in one dimension,177
E01003028,Lambeth 019C,3,Household is deprived in two dimensions,56
E01003028,Lambeth 019C,4,Household is deprived in three dimensions,14
E01003028,Lambeth 019C,5,Household is deprived in four dimensions,0
E01003029,Lambeth 017A,-8,Does not apply,0
E01003029,Lambeth 017A,1,Household is not deprived in any dimension,541
E01003029,Lambeth 017A,2,Household is deprived in one dimension,203
E01003029,Lambeth 017A,3,Household is deprived in two dimensions,121
E01003029,Lambeth 017A,4,Household is deprived in three dimensions,27
E01003029,Lambeth 017A,5,Household is deprived in four dimensions,1
E01003030,Lambeth 019D,-8,Does not apply,0
E01003030,Lambeth 019D,1,Household is not deprived in any dimension,509
E01003030,Lambeth 019D,2,Household is deprived in one dimension,178
E01003030,Lambeth 019D,3,Household is deprived in two dimensions,50
E01003030,Lambeth 019D,4,Household is deprived in three dimensions,6
E01003030,Lambeth 019D,5,Household is deprived in four dimensions,1
E01003031,Lambeth 023A,-8,Does not apply,0
E01003031,Lambeth 023A,1,Household is not deprived in any dimension,361
E01003031,Lambeth 023A,2,Household is deprived in one dimension,231
E01003031,Lambeth 023A,3,Household is deprived in two dimensions,97
E01003031,Lambeth 023A,4,Household is deprived in three dimensions,21
E01003031,Lambeth 023A,5,Household is deprived in four dimensions,3
E01003032,Lambeth 017B,-8,Does not apply,0
E01003032,Lambeth 017B,1,Household is not deprived in any dimension,399
E01003032,Lambeth 017B,2,Household is deprived in one dimension,258
E01003032,Lambeth 017B,3,Household is deprived in two dimensions,126
E01003032,Lambeth 017B,4,Household is deprived in three dimensions,31
E01003032,Lambeth 017B,5,Household is deprived in four dimensions,1
E01003033,Lambeth 019E,-8,Does not apply,0
E01003033,Lambeth 019E,1,Household is not deprived in any dimension,376
E01003033,Lambeth 019E,2,Household is deprived in one dimension,144
E01003033,Lambeth 019E,3,Household is deprived in two dimensions,58
E01003033,Lambeth 019E,4,Household is deprived in three dimensions,10
E01003033,Lambeth 019E,5,Household is deprived in four dimensions,0
E01003034,Lambeth 012A,-8,Does not apply,0
E01003034,Lambeth 012A,1,Household is not deprived in any dimension,368
E01003034,Lambeth 012A,2,Household is deprived in one dimension,211
E01003034,Lambeth 012A,3,Household is deprived in two dimensions,80
E01003034,Lambeth 012A,4,Household is deprived in three dimensions,34
E01003034,Lambeth 012A,5,Household is deprived in four dimensions,2
E01003035,Lambeth 012B,-8,Does not apply,0
E01003035,Lambeth 012B,1,Household is not deprived in any dimension,473
E01003035,Lambeth 012B,2,Household is deprived in one dimension,194
E01003035,Lambeth 012B,3,Household is deprived in two dimensions,73
E01003035,Lambeth 012B,4,Household is deprived in three dimensions,25
E01003035,Lambeth 012B,5,Household is deprived in four dimensions,0
E01003036,Lambeth 012C,-8,Does not apply,0
E01003036,Lambeth 012C,1,Household is not deprived in any dimension,437
E01003036,Lambeth 012C,2,Household is deprived in one dimension,189
E01003036,Lambeth 012C,3,Household is deprived in two dimensions,82
E01003036,Lambeth 012C,4,Household is deprived in three dimensions,42
E01003036,Lambeth 012C,5,Household is deprived in four dimensions,4
E01003037,Lambeth 013A,-8,Does not apply,0
E01003037,Lambeth 013A,1,Household is not deprived in any dimension,245
E01003037,Lambeth 013A,2,Household is deprived in one dimension,198
E01003037,Lambeth 013A,3,Household is deprived in two dimensions,109
E01003037,Lambeth 013A,4,Household is deprived in three dimensions,44
E01003037,Lambeth 013A,5,Household is deprived in four dimensions,1
E01003038,Lambeth 013B,-8,Does not apply,0
E01003038,Lambeth 013B,1,Household is not deprived in any dimension,516
E01003038,Lambeth 013B,2,Household is deprived in one dimension,194
E01003038,Lambeth 013B,3,Household is deprived in two dimensions,52
E01003038,Lambeth 013B,4,Household is deprived in three dimensions,7
E01003038,Lambeth 013B,5,Household is deprived in four dimensions,2
E01003039,Lambeth 013C,-8,Does not apply,0
E01003039,Lambeth 013C,1,Household is not deprived in any dimension,656
E01003039,Lambeth 013C,2,Household is deprived in one dimension,242
E01003039,Lambeth 013C,3,Household is deprived in two dimensions,50
E01003039,Lambeth 013C,4,Household is deprived in three dimensions,12
E01003039,Lambeth 013C,5,Household is deprived in four dimensions,1
E01003040,Lambeth 013D,-8,Does not apply,0
E01003040,Lambeth 013D,1,Household is not deprived in any dimension,369
E01003040,Lambeth 013D,2,Household is deprived in one dimension,155
E01003040,Lambeth 013D,3,Household is deprived in two dimensions,51
E01003040,Lambeth 013D,4,Household is deprived in three dimensions,19
E01003040,Lambeth 013D,5,Household is deprived in four dimensions,0
E01003041,Lambeth 017C,-8,Does not apply,0
E01003041,Lambeth 017C,1,Household is not deprived in any dimension,312
E01003041,Lambeth 017C,2,Household is deprived in one dimension,232
E01003041,Lambeth 017C,3,Household is deprived in two dimensions,88
E01003041,Lambeth 017C,4,Household is deprived in three dimensions,43
E01003041,Lambeth 017C,5,Household is deprived in four dimensions,2
E01003042,Lambeth 013E,-8,Does not apply,0
E01003042,Lambeth 013E,1,Household is not deprived in any dimension,231
E01003042,Lambeth 013E,2,Household is deprived in one dimension,177
E01003042,Lambeth 013E,3,Household is deprived in two dimensions,66
E01003042,Lambeth 013E,4,Household is deprived in three dimensions,17
E01003042,Lambeth 013E,5,Household is deprived in four dimensions,15
E01003043,Lambeth 018A,-8,Does not apply,0
E01003043,Lambeth 018A,1,Household is not deprived in any dimension,363
E01003043,Lambeth 018A,2,Household is deprived in one dimension,191
E01003043,Lambeth 018A,3,Household is deprived in two dimensions,97
E01003043,Lambeth 018A,4,Household is deprived in three dimensions,19
E01003043,Lambeth 018A,5,Household is deprived in four dimensions,3
E01003044,Lambeth 018B,-8,Does not apply,0
E01003044,Lambeth 018B,1,Household is not deprived in any dimension,297
E01003044,Lambeth 018B,2,Household is deprived in one dimension,205
E01003044,Lambeth 018B,3,Household is deprived in two dimensions,124
E01003044,Lambeth 018B,4,Household is deprived in three dimensions,58
E01003044,Lambeth 018B,5,Household is deprived in four dimensions,3
E01003045,Lambeth 011A,-8,Does not apply,0
E01003045,Lambeth 011A,1,Household is not deprived in any dimension,210
E01003045,Lambeth 011A,2,Household is deprived in one dimension,256
E01003045,Lambeth 011A,3,Household is deprived in two dimensions,170
E01003045,Lambeth 011A,4,Household is deprived in three dimensions,63
E01003045,Lambeth 011A,5,Household is deprived in four dimensions,2
E01003046,Lambeth 009A,-8,Does not apply,0
E01003046,Lambeth 009A,1,Household is not deprived in any dimension,229
E01003046,Lambeth 009A,2,Household is deprived in one dimension,312
E01003046,Lambeth 009A,3,Household is deprived in two dimensions,134
E01003046,Lambeth 009A,4,Household is deprived in three dimensions,61
E01003046,Lambeth 009A,5,Household is deprived in four dimensions,7
E01003047,Lambeth 011B,-8,Does not apply,0
E01003047,Lambeth 011B,1,Household is not deprived in any dimension,360
E01003047,Lambeth 011B,2,Household is deprived in one dimension,270
E01003047,Lambeth 011B,3,Household is deprived in two dimensions,143
E01003047,Lambeth 011B,4,Household is deprived in three dimensions,42
E01003047,Lambeth 011B,5,Household is deprived in four dimensions,3
E01003048,Lambeth 009B,-8,Does not apply,0
E01003048,Lambeth 009B,1,Household is not deprived in any dimension,246
E01003048,Lambeth 009B,2,Household is deprived in one dimension,282
E01003048,Lambeth 009B,3,Household is deprived in two dimensions,160
E01003048,Lambeth 009B,4,Household is deprived in three dimensions,44
E01003048,Lambeth 009B,5,Household is deprived in four dimensions,6
E01003049,Lambeth 011C,-8,Does not apply,0
E01003049,Lambeth 011C,1,Household is not deprived in any dimension,317
E01003049,Lambeth 011C,2,Household is deprived in one dimension,242
E01003049,Lambeth 011C,3,Household is deprived in two dimensions,154
E01003049,Lambeth 011C,4,Household is deprived in three dimensions,38
E01003049,Lambeth 011C,5,Household is deprived in four dimensions,3
E01003050,Lambeth 016B,-8,Does not apply,0
E01003050,Lambeth 016B,1,Household is not deprived in any dimension,363
E01003050,Lambeth 016B,2,Household is deprived in one dimension,255
E01003050,Lambeth 016B,3,Household is deprived in two dimensions,109
E01003050,Lambeth 016B,4,Household is deprived in three dimensions,26
E01003050,Lambeth 016B,5,Household is deprived in four dimensions,1
E01003051,Lambeth 018C,-8,Does not apply,0
E01003051,Lambeth 018C,1,Household is not deprived in any dimension,429
E01003051,Lambeth 018C,2,Household is deprived in one dimension,264
E01003051,Lambeth 018C,3,Household is deprived in two dimensions,148
E01003051,Lambeth 018C,4,Household is deprived in three dimensions,35
E01003051,Lambeth 018C,5,Household is deprived in four dimensions,4
E01003052,Lambeth 016C,-8,Does not apply,0
E01003052,Lambeth 016C,1,Household is not deprived in any dimension,282
E01003052,Lambeth 016C,2,Household is deprived in one dimension,267
E01003052,Lambeth 016C,3,Household is deprived in two dimensions,189
E01003052,Lambeth 016C,4,Household is deprived in three dimensions,39
E01003052,Lambeth 016C,5,Household is deprived in four dimensions,9
E01003053,Lambeth 015B,-8,Does not apply,0
E01003053,Lambeth 015B,1,Household is not deprived in any dimension,437
E01003053,Lambeth 015B,2,Household is deprived in one dimension,205
E01003053,Lambeth 015B,3,Household is deprived in two dimensions,84
E01003053,Lambeth 015B,4,Household is deprived in three dimensions,16
E01003053,Lambeth 015B,5,Household is deprived in four dimensions,1
E01003054,Lambeth 015C,-8,Does not apply,0
E01003054,Lambeth 015C,1,Household is not deprived in any dimension,656
E01003054,Lambeth 015C,2,Household is deprived in one dimension,265
E01003054,Lambeth 015C,3,Household is deprived in two dimensions,70
E01003054,Lambeth 015C,4,Household is deprived in three dimensions,13
E01003054,Lambeth 015C,5,Household is deprived in four dimensions,0
E01003055,Lambeth 016D,-8,Does not apply,0
E01003055,Lambeth 016D,1,Household is not deprived in any dimension,423
E01003055,Lambeth 016D,2,Household is deprived in one dimension,236
E01003055,Lambeth 016D,3,Household is deprived in two dimensions,116
E01003055,Lambeth 016D,4,Household is deprived in three dimensions,44
E01003055,Lambeth 016D,5,Household is deprived in four dimensions,11
E01003056,Lambeth 015D,-8,Does not apply,0
E01003056,Lambeth 015D,1,Household is not deprived in any dimension,401
E01003056,Lambeth 015D,2,Household is deprived in one dimension,237
E01003056,Lambeth 015D,3,Household is deprived in two dimensions,92
E01003056,Lambeth 015D,4,Household is deprived in three dimensions,31
E01003056,Lambeth 015D,5,Household is deprived in four dimensions,6
E01003057,Lambeth 017D,-8,Does not apply,0
E01003057,Lambeth 017D,1,Household is not deprived in any dimension,297
E01003057,Lambeth 017D,2,Household is deprived in one dimension,230
E01003057,Lambeth 017D,3,Household is deprived in two dimensions,111
E01003057,Lambeth 017D,4,Household is deprived in three dimensions,82
E01003057,Lambeth 017D,5,Household is deprived in four dimensions,3
E01003058,Lambeth 015E,-8,Does not apply,0
E01003058,Lambeth 015E,1,Household is not deprived in any dimension,462
E01003058,Lambeth 015E,2,Household is deprived in one dimension,282
E01003058,Lambeth 015E,3,Household is deprived in two dimensions,85
E01003058,Lambeth 015E,4,Household is deprived in three dimensions,26
E01003058,Lambeth 015E,5,Household is deprived in four dimensions,2
E01003059,Lambeth 011D,-8,Does not apply,0
E01003059,Lambeth 011D,1,Household is not deprived in any dimension,383
E01003059,Lambeth 011D,2,Household is deprived in one dimension,299
E01003059,Lambeth 011D,3,Household is deprived in two dimensions,137
E01003059,Lambeth 011D,4,Household is deprived in three dimensions,43
E01003059,Lambeth 011D,5,Household is deprived in four dimensions,12
E01003060,Lambeth 011E,-8,Does not apply,0
E01003060,Lambeth 011E,1,Household is not deprived in any dimension,315
E01003060,Lambeth 011E,2,Household is deprived in one dimension,222
E01003060,Lambeth 011E,3,Household is deprived in two dimensions,120
E01003060,Lambeth 011E,4,Household is deprived in three dimensions,28
E01003060,Lambeth 011E,5,Household is deprived in four dimensions,2
E01003061,Lambeth 011F,-8,Does not apply,0
E01003061,Lambeth 011F,1,Household is not deprived in any dimension,290
E01003061,Lambeth 011F,2,Household is deprived in one dimension,205
E01003061,Lambeth 011F,3,Household is deprived in two dimensions,117
E01003061,Lambeth 011F,4,Household is deprived in three dimensions,33
E01003061,Lambeth 011F,5,Household is deprived in four dimensions,1
E01003062,Lambeth 033A,-8,Does not apply,0
E01003062,Lambeth 033A,1,Household is not deprived in any dimension,488
E01003062,Lambeth 033A,2,Household is deprived in one dimension,252
E01003062,Lambeth 033A,3,Household is deprived in two dimensions,92
E01003062,Lambeth 033A,4,Household is deprived in three dimensions,29
E01003062,Lambeth 033A,5,Household is deprived in four dimensions,1
E01003063,Lambeth 033B,-8,Does not apply,0
E01003063,Lambeth 033B,1,Household is not deprived in any dimension,232
E01003063,Lambeth 033B,2,Household is deprived in one dimension,179
E01003063,Lambeth 033B,3,Household is deprived in two dimensions,106
E01003063,Lambeth 033B,4,Household is deprived in three dimensions,80
E01003063,Lambeth 033B,5,Household is deprived in four dimensions,4
E01003064,Lambeth 028A,-8,Does not apply,0
E01003064,Lambeth 028A,1,Household is not deprived in any dimension,390
E01003064,Lambeth 028A,2,Household is deprived in one dimension,167
E01003064,Lambeth 028A,3,Household is deprived in two dimensions,50
E01003064,Lambeth 028A,4,Household is deprived in three dimensions,14
E01003064,Lambeth 028A,5,Household is deprived in four dimensions,1
E01003065,Lambeth 031A,-8,Does not apply,0
E01003065,Lambeth 031A,1,Household is not deprived in any dimension,271
E01003065,Lambeth 031A,2,Household is deprived in one dimension,240
E01003065,Lambeth 031A,3,Household is deprived in two dimensions,134
E01003065,Lambeth 031A,4,Household is deprived in three dimensions,38
E01003065,Lambeth 031A,5,Household is deprived in four dimensions,4
E01003066,Lambeth 028B,-8,Does not apply,0
E01003066,Lambeth 028B,1,Household is not deprived in any dimension,345
E01003066,Lambeth 028B,2,Household is deprived in one dimension,245
E01003066,Lambeth 028B,3,Household is deprived in two dimensions,160
E01003066,Lambeth 028B,4,Household is deprived in three dimensions,56
E01003066,Lambeth 028B,5,Household is deprived in four dimensions,4
E01003067,Lambeth 033C,-8,Does not apply,0
E01003067,Lambeth 033C,1,Household is not deprived in any dimension,362
E01003067,Lambeth 033C,2,Household is deprived in one dimension,182
E01003067,Lambeth 033C,3,Household is deprived in two dimensions,70
E01003067,Lambeth 033C,4,Household is deprived in three dimensions,18
E01003067,Lambeth 033C,5,Household is deprived in four dimensions,1
E01003068,Lambeth 031B,-8,Does not apply,0
E01003068,Lambeth 031B,1,Household is not deprived in any dimension,323
E01003068,Lambeth 031B,2,Household is deprived in one dimension,182
E01003068,Lambeth 031B,3,Household is deprived in two dimensions,113
E01003068,Lambeth 031B,4,Household is deprived in three dimensions,25
E01003068,Lambeth 031B,5,Household is deprived in four dimensions,1
E01003069,Lambeth 033D,-8,Does not apply,0
E01003069,Lambeth 033D,1,Household is not deprived in any dimension,245
E01003069,Lambeth 033D,2,Household is deprived in one dimension,151
E01003069,Lambeth 033D,3,Household is deprived in two dimensions,97
E01003069,Lambeth 033D,4,Household is deprived in three dimensions,25
E01003069,Lambeth 033D,5,Household is deprived in four dimensions,1
E01003070,Lambeth 033E,-8,Does not apply,0
E01003070,Lambeth 033E,1,Household is not deprived in any dimension,249
E01003070,Lambeth 033E,2,Household is deprived in one dimension,205
E01003070,Lambeth 033E,3,Household is deprived in two dimensions,149
E01003070,Lambeth 033E,4,Household is deprived in three dimensions,53
E01003070,Lambeth 033E,5,Household is deprived in four dimensions,5
E01003071,Lambeth 018D,-8,Does not apply,0
E01003071,Lambeth 018D,1,Household is not deprived in any dimension,621
E01003071,Lambeth 018D,2,Household is deprived in one dimension,264
E01003071,Lambeth 018D,3,Household is deprived in two dimensions,95
E01003071,Lambeth 018D,4,Household is deprived in three dimensions,22
E01003071,Lambeth 018D,5,Household is deprived in four dimensions,3
E01003072,Lambeth 014A,-8,Does not apply,0
E01003072,Lambeth 014A,1,Household is not deprived in any dimension,376
E01003072,Lambeth 014A,2,Household is deprived in one dimension,211
E01003072,Lambeth 014A,3,Household is deprived in two dimensions,89
E01003072,Lambeth 014A,4,Household is deprived in three dimensions,27
E01003072,Lambeth 014A,5,Household is deprived in four dimensions,1
E01003073,Lambeth 014B,-8,Does not apply,0
E01003073,Lambeth 014B,1,Household is not deprived in any dimension,309
E01003073,Lambeth 014B,2,Household is deprived in one dimension,204
E01003073,Lambeth 014B,3,Household is deprived in two dimensions,111
E01003073,Lambeth 014B,4,Household is deprived in three dimensions,33
E01003073,Lambeth 014B,5,Household is deprived in four dimensions,4
E01003074,Lambeth 018E,-8,Does not apply,0
E01003074,Lambeth 018E,1,Household is not deprived in any dimension,613
E01003074,Lambeth 018E,2,Household is deprived in one dimension,281
E01003074,Lambeth 018E,3,Household is deprived in two dimensions,138
E01003074,Lambeth 018E,4,Household is deprived in three dimensions,55
E01003074,Lambeth 018E,5,Household is deprived in four dimensions,6
E01003075,Lambeth 009C,-8,Does not apply,0
E01003075,Lambeth 009C,1,Household is not deprived in any dimension,229
E01003075,Lambeth 009C,2,Household is deprived in one dimension,257
E01003075,Lambeth 009C,3,Household is deprived in two dimensions,146
E01003075,Lambeth 009C,4,Household is deprived in three dimensions,38
E01003075,Lambeth 009C,5,Household is deprived in four dimensions,2
E01003076,Lambeth 014C,-8,Does not apply,0
E01003076,Lambeth 014C,1,Household is not deprived in any dimension,471
E01003076,Lambeth 014C,2,Household is deprived in one dimension,332
E01003076,Lambeth 014C,3,Household is deprived in two dimensions,116
E01003076,Lambeth 014C,4,Household is deprived in three dimensions,44
E01003076,Lambeth 014C,5,Household is deprived in four dimensions,0
E01003077,Lambeth 014D,-8,Does not apply,0
E01003077,Lambeth 014D,1,Household is not deprived in any dimension,385
E01003077,Lambeth 014D,2,Household is deprived in one dimension,256
E01003077,Lambeth 014D,3,Household is deprived in two dimensions,110
E01003077,Lambeth 014D,4,Household is deprived in three dimensions,30
E01003077,Lambeth 014D,5,Household is deprived in four dimensions,11
E01003078,Lambeth 014E,-8,Does not apply,0
E01003078,Lambeth 014E,1,Household is not deprived in any dimension,355
E01003078,Lambeth 014E,2,Household is deprived in one dimension,205
E01003078,Lambeth 014E,3,Household is deprived in two dimensions,51
E01003078,Lambeth 014E,4,Household is deprived in three dimensions,10
E01003078,Lambeth 014E,5,Household is deprived in four dimensions,1
E01003079,Lambeth 027A,-8,Does not apply,0
E01003079,Lambeth 027A,1,Household is not deprived in any dimension,373
E01003079,Lambeth 027A,2,Household is deprived in one dimension,242
E01003079,Lambeth 027A,3,Household is deprived in two dimensions,91
E01003079,Lambeth 027A,4,Household is deprived in three dimensions,25
E01003079,Lambeth 027A,5,Household is deprived in four dimensions,1
E01003080,Lambeth 027B,-8,Does not apply,0
E01003080,Lambeth 027B,1,Household is not deprived in any dimension,380
E01003080,Lambeth 027B,2,Household is deprived in one dimension,199
E01003080,Lambeth 027B,3,Household is deprived in two dimensions,72
E01003080,Lambeth 027B,4,Household is deprived in three dimensions,24
E01003080,Lambeth 027B,5,Household is deprived in four dimensions,0
E01003081,Lambeth 028C,-8,Does not apply,0
E01003081,Lambeth 028C,1,Household is not deprived in any dimension,337
E01003081,Lambeth 028C,2,Household is deprived in one dimension,287
E01003081,Lambeth 028C,3,Household is deprived in two dimensions,140
E01003081,Lambeth 028C,4,Household is deprived in three dimensions,49
E01003081,Lambeth 028C,5,Household is deprived in four dimensions,7
E01003082,Lambeth 031C,-8,Does not apply,0
E01003082,Lambeth 031C,1,Household is not deprived in any dimension,287
E01003082,Lambeth 031C,2,Household is deprived in one dimension,208
E01003082,Lambeth 031C,3,Household is deprived in two dimensions,111
E01003082,Lambeth 031C,4,Household is deprived in three dimensions,27
E01003082,Lambeth 031C,5,Household is deprived in four dimensions,2
E01003083,Lambeth 030A,-8,Does not apply,0
E01003083,Lambeth 030A,1,Household is not deprived in any dimension,319
E01003083,Lambeth 030A,2,Household is deprived in one dimension,155
E01003083,Lambeth 030A,3,Household is deprived in two dimensions,81
E01003083,Lambeth 030A,4,Household is deprived in three dimensions,16
E01003083,Lambeth 030A,5,Household is deprived in four dimensions,4
E01003084,Lambeth 030B,-8,Does not apply,0
E01003084,Lambeth 030B,1,Household is not deprived in any dimension,339
E01003084,Lambeth 030B,2,Household is deprived in one dimension,208
E01003084,Lambeth 030B,3,Household is deprived in two dimensions,72
E01003084,Lambeth 030B,4,Household is deprived in three dimensions,13
E01003084,Lambeth 030B,5,Household is deprived in four dimensions,3
E01003085,Lambeth 030C,-8,Does not apply,0
E01003085,Lambeth 030C,1,Household is not deprived in any dimension,363
E01003085,Lambeth 030C,2,Household is deprived in one dimension,218
E01003085,Lambeth 030C,3,Household is deprived in two dimensions,87
E01003085,Lambeth 030C,4,Household is deprived in three dimensions,24
E01003085,Lambeth 030C,5,Household is deprived in four dimensions,1
E01003086,Lambeth 031D,-8,Does not apply,0
E01003086,Lambeth 031D,1,Household is not deprived in any dimension,245
E01003086,Lambeth 031D,2,Household is deprived in one dimension,206
E01003086,Lambeth 031D,3,Household is deprived in two dimensions,130
E01003086,Lambeth 031D,4,Household is deprived in three dimensions,42
E01003086,Lambeth 031D,5,Household is deprived in four dimensions,1
E01003087,Lambeth 031E,-8,Does not apply,0
E01003087,Lambeth 031E,1,Household is not deprived in any dimension,238
E01003087,Lambeth 031E,2,Household is deprived in one dimension,189
E01003087,Lambeth 031E,3,Household is deprived in two dimensions,119
E01003087,Lambeth 031E,4,Household is deprived in three dimensions,52
E01003087,Lambeth 031E,5,Household is deprived in four dimensions,3
E01003088,Lambeth 010A,-8,Does not apply,0
E01003088,Lambeth 010A,1,Household is not deprived in any dimension,319
E01003088,Lambeth 010A,2,Household is deprived in one dimension,209
E01003088,Lambeth 010A,3,Household is deprived in two dimensions,107
E01003088,Lambeth 010A,4,Household is deprived in three dimensions,18
E01003088,Lambeth 010A,5,Household is deprived in four dimensions,0
E01003089,Lambeth 008A,-8,Does not apply,0
E01003089,Lambeth 008A,1,Household is not deprived in any dimension,308
E01003089,Lambeth 008A,2,Household is deprived in one dimension,272
E01003089,Lambeth 008A,3,Household is deprived in two dimensions,118
E01003089,Lambeth 008A,4,Household is deprived in three dimensions,39
E01003089,Lambeth 008A,5,Household is deprived in four dimensions,2
E01003090,Lambeth 012D,-8,Does not apply,0
E01003090,Lambeth 012D,1,Household is not deprived in any dimension,663
E01003090,Lambeth 012D,2,Household is deprived in one dimension,296
E01003090,Lambeth 012D,3,Household is deprived in two dimensions,106
E01003090,Lambeth 012D,4,Household is deprived in three dimensions,41
E01003090,Lambeth 012D,5,Household is deprived in four dimensions,0
E01003091,Lambeth 008B,-8,Does not apply,0
E01003091,Lambeth 008B,1,Household is not deprived in any dimension,313
E01003091,Lambeth 008B,2,Household is deprived in one dimension,254
E01003091,Lambeth 008B,3,Household is deprived in two dimensions,91
E01003091,Lambeth 008B,4,Household is deprived in three dimensions,18
E01003091,Lambeth 008B,5,Household is deprived in four dimensions,2
E01003092,Lambeth 008C,-8,Does not apply,0
E01003092,Lambeth 008C,1,Household is not deprived in any dimension,341
E01003092,Lambeth 008C,2,Household is deprived in one dimension,417
E01003092,Lambeth 008C,3,Household is deprived in two dimensions,146
E01003092,Lambeth 008C,4,Household is deprived in three dimensions,45
E01003092,Lambeth 008C,5,Household is deprived in four dimensions,1
E01003093,Lambeth 010B,-8,Does not apply,0
E01003093,Lambeth 010B,1,Household is not deprived in any dimension,370
E01003093,Lambeth 010B,2,Household is deprived in one dimension,328
E01003093,Lambeth 010B,3,Household is deprived in two dimensions,189
E01003093,Lambeth 010B,4,Household is deprived in three dimensions,64
E01003093,Lambeth 010B,5,Household is deprived in four dimensions,3
E01003094,Lambeth 010C,-8,Does not apply,0
E01003094,Lambeth 010C,1,Household is not deprived in any dimension,302
E01003094,Lambeth 010C,2,Household is deprived in one dimension,240
E01003094,Lambeth 010C,3,Household is deprived in two dimensions,89
E01003094,Lambeth 010C,4,Household is deprived in three dimensions,25
E01003094,Lambeth 010C,5,Household is deprived in four dimensions,1
E01003095,Lambeth 012E,-8,Does not apply,0
E01003095,Lambeth 012E,1,Household is not deprived in any dimension,445
E01003095,Lambeth 012E,2,Household is deprived in one dimension,174
E01003095,Lambeth 012E,3,Household is deprived in two dimensions,55
E01003095,Lambeth 012E,4,Household is deprived in three dimensions,19
E01003095,Lambeth 012E,5,Household is deprived in four dimensions,0
E01003096,Lambeth 010D,-8,Does not apply,0
E01003096,Lambeth 010D,1,Household is not deprived in any dimension,473
E01003096,Lambeth 010D,2,Household is deprived in one dimension,268
E01003096,Lambeth 010D,3,Household is deprived in two dimensions,101
E01003096,Lambeth 010D,4,Household is deprived in three dimensions,18
E01003096,Lambeth 010D,5,Household is deprived in four dimensions,0
E01003097,Lambeth 006A,-8,Does not apply,0
E01003097,Lambeth 006A,1,Household is not deprived in any dimension,265
E01003097,Lambeth 006A,2,Household is deprived in one dimension,227
E01003097,Lambeth 006A,3,Household is deprived in two dimensions,143
E01003097,Lambeth 006A,4,Household is deprived in three dimensions,52
E01003097,Lambeth 006A,5,Household is deprived in four dimensions,1
E01003098,Lambeth 005A,-8,Does not apply,0
E01003098,Lambeth 005A,1,Household is not deprived in any dimension,320
E01003098,Lambeth 005A,2,Household is deprived in one dimension,205
E01003098,Lambeth 005A,3,Household is deprived in two dimensions,92
E01003098,Lambeth 005A,4,Household is deprived in three dimensions,30
E01003098,Lambeth 005A,5,Household is deprived in four dimensions,2
E01003099,Lambeth 005B,-8,Does not apply,0
E01003099,Lambeth 005B,1,Household is not deprived in any dimension,384
E01003099,Lambeth 005B,2,Household is deprived in one dimension,256
E01003099,Lambeth 005B,3,Household is deprived in two dimensions,97
E01003099,Lambeth 005B,4,Household is deprived in three dimensions,21
E01003099,Lambeth 005B,5,Household is deprived in four dimensions,0
E01003100,Lambeth 005C,-8,Does not apply,0
E01003100,Lambeth 005C,1,Household is not deprived in any dimension,529
E01003100,Lambeth 005C,2,Household is deprived in one dimension,289
E01003100,Lambeth 005C,3,Household is deprived in two dimensions,52
E01003100,Lambeth 005C,4,Household is deprived in three dimensions,18
E01003100,Lambeth 005C,5,Household is deprived in four dimensions,3
E01003101,Lambeth 003A,-8,Does not apply,0
E01003101,Lambeth 003A,1,Household is not deprived in any dimension,289
E01003101,Lambeth 003A,2,Household is deprived in one dimension,214
E01003101,Lambeth 003A,3,Household is deprived in two dimensions,104
E01003101,Lambeth 003A,4,Household is deprived in three dimensions,29
E01003101,Lambeth 003A,5,Household is deprived in four dimensions,0
E01003102,Lambeth 004A,-8,Does not apply,0
E01003102,Lambeth 004A,1,Household is not deprived in any dimension,391
E01003102,Lambeth 004A,2,Household is deprived in one dimension,250
E01003102,Lambeth 004A,3,Household is deprived in two dimensions,109
E01003102,Lambeth 004A,4,Household is deprived in three dimensions,30
E01003102,Lambeth 004A,5,Household is deprived in four dimensions,4
E01003104,Lambeth 004C,-8,Does not apply,0
E01003104,Lambeth 004C,1,Household is not deprived in any dimension,400
E01003104,Lambeth 004C,2,Household is deprived in one dimension,288
E01003104,Lambeth 004C,3,Household is deprived in two dimensions,135
E01003104,Lambeth 004C,4,Household is deprived in three dimensions,42
E01003104,Lambeth 004C,5,Household is deprived in four dimensions,3
E01003105,Lambeth 003B,-8,Does not apply,0
E01003105,Lambeth 003B,1,Household is not deprived in any dimension,299
E01003105,Lambeth 003B,2,Household is deprived in one dimension,262
E01003105,Lambeth 003B,3,Household is deprived in two dimensions,148
E01003105,Lambeth 003B,4,Household is deprived in three dimensions,37
E01003105,Lambeth 003B,5,Household is deprived in four dimensions,4
E01003106,Lambeth 003C,-8,Does not apply,0
E01003106,Lambeth 003C,1,Household is not deprived in any dimension,493
E01003106,Lambeth 003C,2,Household is deprived in one dimension,301
E01003106,Lambeth 003C,3,Household is deprived in two dimensions,120
E01003106,Lambeth 003C,4,Household is deprived in three dimensions,54
E01003106,Lambeth 003C,5,Household is deprived in four dimensions,4
E01003107,Lambeth 003D,-8,Does not apply,0
E01003107,Lambeth 003D,1,Household is not deprived in any dimension,508
E01003107,Lambeth 003D,2,Household is deprived in one dimension,261
E01003107,Lambeth 003D,3,Household is deprived in two dimensions,95
E01003107,Lambeth 003D,4,Household is deprived in three dimensions,18
E01003107,Lambeth 003D,5,Household is deprived in four dimensions,3
E01003108,Lambeth 002B,-8,Does not apply,0
E01003108,Lambeth 002B,1,Household is not deprived in any dimension,265
E01003108,Lambeth 002B,2,Household is deprived in one dimension,257
E01003108,Lambeth 002B,3,Household is deprived in two dimensions,135
E01003108,Lambeth 002B,4,Household is deprived in three dimensions,48
E01003108,Lambeth 002B,5,Household is deprived in four dimensions,3
E01003110,Lambeth 002C,-8,Does not apply,0
E01003110,Lambeth 002C,1,Household is not deprived in any dimension,536
E01003110,Lambeth 002C,2,Household is deprived in one dimension,251
E01003110,Lambeth 002C,3,Household is deprived in two dimensions,101
E01003110,Lambeth 002C,4,Household is deprived in three dimensions,35
E01003110,Lambeth 002C,5,Household is deprived in four dimensions,1
E01003111,Lambeth 002D,-8,Does not apply,0
E01003111,Lambeth 002D,1,Household is not deprived in any dimension,305
E01003111,Lambeth 002D,2,Household is deprived in one dimension,271
E01003111,Lambeth 002D,3,Household is deprived in two dimensions,175
E01003111,Lambeth 002D,4,Household is deprived in three dimensions,47
E01003111,Lambeth 002D,5,Household is deprived in four dimensions,4
E01003112,Lambeth 002E,-8,Does not apply,0
E01003112,Lambeth 002E,1,Household is not deprived in any dimension,343
E01003112,Lambeth 002E,2,Household is deprived in one dimension,277
E01003112,Lambeth 002E,3,Household is deprived in two dimensions,149
E01003112,Lambeth 002E,4,Household is deprived in three dimensions,41
E01003112,Lambeth 002E,5,Household is deprived in four dimensions,7
E01003113,Lambeth 032A,-8,Does not apply,0
E01003113,Lambeth 032A,1,Household is not deprived in any dimension,383
E01003113,Lambeth 032A,2,Household is deprived in one dimension,235
E01003113,Lambeth 032A,3,Household is deprived in two dimensions,96
E01003113,Lambeth 032A,4,Household is deprived in three dimensions,25
E01003113,Lambeth 032A,5,Household is deprived in four dimensions,2
E01003114,Lambeth 032B,-8,Does not apply,0
E01003114,Lambeth 032B,1,Household is not deprived in any dimension,582
E01003114,Lambeth 032B,2,Household is deprived in one dimension,275
E01003114,Lambeth 032B,3,Household is deprived in two dimensions,104
E01003114,Lambeth 032B,4,Household is deprived in three dimensions,37
E01003114,Lambeth 032B,5,Household is deprived in four dimensions,3
E01003115,Lambeth 034A,-8,Does not apply,0
E01003115,Lambeth 034A,1,Household is not deprived in any dimension,343
E01003115,Lambeth 034A,2,Household is deprived in one dimension,216
E01003115,Lambeth 034A,3,Household is deprived in two dimensions,81
E01003115,Lambeth 034A,4,Household is deprived in three dimensions,24
E01003115,Lambeth 034A,5,Household is deprived in four dimensions,2
E01003116,Lambeth 029A,-8,Does not apply,0
E01003116,Lambeth 029A,1,Household is not deprived in any dimension,349
E01003116,Lambeth 029A,2,Household is deprived in one dimension,184
E01003116,Lambeth 029A,3,Household is deprived in two dimensions,76
E01003116,Lambeth 029A,4,Household is deprived in three dimensions,22
E01003116,Lambeth 029A,5,Household is deprived in four dimensions,3
E01003117,Lambeth 029B,-8,Does not apply,0
E01003117,Lambeth 029B,1,Household is not deprived in any dimension,421
E01003117,Lambeth 029B,2,Household is deprived in one dimension,247
E01003117,Lambeth 029B,3,Household is deprived in two dimensions,103
E01003117,Lambeth 029B,4,Household is deprived in three dimensions,45
E01003117,Lambeth 029B,5,Household is deprived in four dimensions,5
E01003118,Lambeth 029C,-8,Does not apply,0
E01003118,Lambeth 029C,1,Household is not deprived in any dimension,341
E01003118,Lambeth 029C,2,Household is deprived in one dimension,239
E01003118,Lambeth 029C,3,Household is deprived in two dimensions,102
E01003118,Lambeth 029C,4,Household is deprived in three dimensions,19
E01003118,Lambeth 029C,5,Household is deprived in four dimensions,0
E01003119,Lambeth 032C,-8,Does not apply,0
E01003119,Lambeth 032C,1,Household is not deprived in any dimension,410
E01003119,Lambeth 032C,2,Household is deprived in one dimension,300
E01003119,Lambeth 032C,3,Household is deprived in two dimensions,113
E01003119,Lambeth 032C,4,Household is deprived in three dimensions,22
E01003119,Lambeth 032C,5,Household is deprived in four dimensions,5
E01003120,Lambeth 032D,-8,Does not apply,0
E01003120,Lambeth 032D,1,Household is not deprived in any dimension,425
E01003120,Lambeth 032D,2,Household is deprived in one dimension,411
E01003120,Lambeth 032D,3,Household is deprived in two dimensions,195
E01003120,Lambeth 032D,4,Household is deprived in three dimensions,68
E01003120,Lambeth 032D,5,Household is deprived in four dimensions,13
E01003121,Lambeth 006B,-8,Does not apply,0
E01003121,Lambeth 006B,1,Household is not deprived in any dimension,195
E01003121,Lambeth 006B,2,Household is deprived in one dimension,261
E01003121,Lambeth 006B,3,Household is deprived in two dimensions,141
E01003121,Lambeth 006B,4,Household is deprived in three dimensions,35
E01003121,Lambeth 006B,5,Household is deprived in four dimensions,3
E01003122,Lambeth 004D,-8,Does not apply,0
E01003122,Lambeth 004D,1,Household is not deprived in any dimension,465
E01003122,Lambeth 004D,2,Household is deprived in one dimension,282
E01003122,Lambeth 004D,3,Household is deprived in two dimensions,111
E01003122,Lambeth 004D,4,Household is deprived in three dimensions,31
E01003122,Lambeth 004D,5,Household is deprived in four dimensions,4
E01003123,Lambeth 006C,-8,Does not apply,0
E01003123,Lambeth 006C,1,Household is not deprived in any dimension,388
E01003123,Lambeth 006C,2,Household is deprived in one dimension,215
E01003123,Lambeth 006C,3,Household is deprived in two dimensions,80
E01003123,Lambeth 006C,4,Household is deprived in three dimensions,16
E01003123,Lambeth 006C,5,Household is deprived in four dimensions,2
E01003124,Lambeth 006D,-8,Does not apply,0
E01003124,Lambeth 006D,1,Household is not deprived in any dimension,204
E01003124,Lambeth 006D,2,Household is deprived in one dimension,261
E01003124,Lambeth 006D,3,Household is deprived in two dimensions,107
E01003124,Lambeth 006D,4,Household is deprived in three dimensions,32
E01003124,Lambeth 006D,5,Household is deprived in four dimensions,4
E01003125,Lambeth 006E,-8,Does not apply,0
E01003125,Lambeth 006E,1,Household is not deprived in any dimension,232
E01003125,Lambeth 006E,2,Household is deprived in one dimension,275
E01003125,Lambeth 006E,3,Household is deprived in two dimensions,146
E01003125,Lambeth 006E,4,Household is deprived in three dimensions,42
E01003125,Lambeth 006E,5,Household is deprived in four dimensions,4
E01003126,Lambeth 008D,-8,Does not apply,0
E01003126,Lambeth 008D,1,Household is not deprived in any dimension,311
E01003126,Lambeth 008D,2,Household is deprived in one dimension,260
E01003126,Lambeth 008D,3,Household is deprived in two dimensions,98
E01003126,Lambeth 008D,4,Household is deprived in three dimensions,37
E01003126,Lambeth 008D,5,Household is deprived in four dimensions,6
E01003127,Lambeth 010E,-8,Does not apply,0
E01003127,Lambeth 010E,1,Household is not deprived in any dimension,355
E01003127,Lambeth 010E,2,Household is deprived in one dimension,263
E01003127,Lambeth 010E,3,Household is deprived in two dimensions,120
E01003127,Lambeth 010E,4,Household is deprived in three dimensions,50
E01003127,Lambeth 010E,5,Household is deprived in four dimensions,4
E01003128,Lambeth 008E,-8,Does not apply,0
E01003128,Lambeth 008E,1,Household is not deprived in any dimension,271
E01003128,Lambeth 008E,2,Household is deprived in one dimension,268
E01003128,Lambeth 008E,3,Household is deprived in two dimensions,131
E01003128,Lambeth 008E,4,Household is deprived in three dimensions,33
E01003128,Lambeth 008E,5,Household is deprived in four dimensions,6
E01003129,Lambeth 004E,-8,Does not apply,0
E01003129,Lambeth 004E,1,Household is not deprived in any dimension,386
E01003129,Lambeth 004E,2,Household is deprived in one dimension,273
E01003129,Lambeth 004E,3,Household is deprived in two dimensions,104
E01003129,Lambeth 004E,4,Household is deprived in three dimensions,27
E01003129,Lambeth 004E,5,Household is deprived in four dimensions,4
E01003130,Lambeth 026A,-8,Does not apply,0
E01003130,Lambeth 026A,1,Household is not deprived in any dimension,424
E01003130,Lambeth 026A,2,Household is deprived in one dimension,247
E01003130,Lambeth 026A,3,Household is deprived in two dimensions,92
E01003130,Lambeth 026A,4,Household is deprived in three dimensions,23
E01003130,Lambeth 026A,5,Household is deprived in four dimensions,0
E01003131,Lambeth 026B,-8,Does not apply,0
E01003131,Lambeth 026B,1,Household is not deprived in any dimension,587
E01003131,Lambeth 026B,2,Household is deprived in one dimension,260
E01003131,Lambeth 026B,3,Household is deprived in two dimensions,84
E01003131,Lambeth 026B,4,Household is deprived in three dimensions,15
E01003131,Lambeth 026B,5,Household is deprived in four dimensions,1
E01003132,Lambeth 024A,-8,Does not apply,0
E01003132,Lambeth 024A,1,Household is not deprived in any dimension,206
E01003132,Lambeth 024A,2,Household is deprived in one dimension,185
E01003132,Lambeth 024A,3,Household is deprived in two dimensions,113
E01003132,Lambeth 024A,4,Household is deprived in three dimensions,34
E01003132,Lambeth 024A,5,Household is deprived in four dimensions,1
E01003133,Lambeth 027C,-8,Does not apply,0
E01003133,Lambeth 027C,1,Household is not deprived in any dimension,390
E01003133,Lambeth 027C,2,Household is deprived in one dimension,222
E01003133,Lambeth 027C,3,Household is deprived in two dimensions,71
E01003133,Lambeth 027C,4,Household is deprived in three dimensions,23
E01003133,Lambeth 027C,5,Household is deprived in four dimensions,5
E01003134,Lambeth 027D,-8,Does not apply,0
E01003134,Lambeth 027D,1,Household is not deprived in any dimension,341
E01003134,Lambeth 027D,2,Household is deprived in one dimension,185
E01003134,Lambeth 027D,3,Household is deprived in two dimensions,66
E01003134,Lambeth 027D,4,Household is deprived in three dimensions,27
E01003134,Lambeth 027D,5,Household is deprived in four dimensions,2
E01003135,Lambeth 026C,-8,Does not apply,0
E01003135,Lambeth 026C,1,Household is not deprived in any dimension,347
E01003135,Lambeth 026C,2,Household is deprived in one dimension,223
E01003135,Lambeth 026C,3,Household is deprived in two dimensions,134
E01003135,Lambeth 026C,4,Household is deprived in three dimensions,50
E01003135,Lambeth 026C,5,Household is deprived in four dimensions,3
E01003136,Lambeth 022A,-8,Does not apply,0
E01003136,Lambeth 022A,1,Household is not deprived in any dimension,347
E01003136,Lambeth 022A,2,Household is deprived in one dimension,272
E01003136,Lambeth 022A,3,Household is deprived in two dimensions,96
E01003136,Lambeth 022A,4,Household is deprived in three dimensions,34
E01003136,Lambeth 022A,5,Household is deprived in four dimensions,0
E01003137,Lambeth 022B,-8,Does not apply,0
E01003137,Lambeth 022B,1,Household is not deprived in any dimension,265
E01003137,Lambeth 022B,2,Household is deprived in one dimension,309
E01003137,Lambeth 022B,3,Household is deprived in two dimensions,138
E01003137,Lambeth 022B,4,Household is deprived in three dimensions,32
E01003137,Lambeth 022B,5,Household is deprived in four dimensions,6
E01003138,Lambeth 026D,-8,Does not apply,0
E01003138,Lambeth 026D,1,Household is not deprived in any dimension,434
E01003138,Lambeth 026D,2,Household is deprived in one dimension,169
E01003138,Lambeth 026D,3,Household is deprived in two dimensions,34
E01003138,Lambeth 026D,4,Household is deprived in three dimensions,11
E01003138,Lambeth 026D,5,Household is deprived in four dimensions,0
E01003139,Lambeth 035A,-8,Does not apply,0
E01003139,Lambeth 035A,1,Household is not deprived in any dimension,263
E01003139,Lambeth 035A,2,Household is deprived in one dimension,204
E01003139,Lambeth 035A,3,Household is deprived in two dimensions,56
E01003139,Lambeth 035A,4,Household is deprived in three dimensions,12
E01003139,Lambeth 035A,5,Household is deprived in four dimensions,2
E01003140,Lambeth 035B,-8,Does not apply,0
E01003140,Lambeth 035B,1,Household is not deprived in any dimension,237
E01003140,Lambeth 035B,2,Household is deprived in one dimension,188
E01003140,Lambeth 035B,3,Household is deprived in two dimensions,60
E01003140,Lambeth 035B,4,Household is deprived in three dimensions,9
E01003140,Lambeth 035B,5,Household is deprived in four dimensions,0
E01003141,Lambeth 034B,-8,Does not apply,0
E01003141,Lambeth 034B,1,Household is not deprived in any dimension,357
E01003141,Lambeth 034B,2,Household is deprived in one dimension,240
E01003141,Lambeth 034B,3,Household is deprived in two dimensions,118
E01003141,Lambeth 034B,4,Household is deprived in three dimensions,23
E01003141,Lambeth 034B,5,Household is deprived in four dimensions,3
E01003142,Lambeth 035C,-8,Does not apply,0
E01003142,Lambeth 035C,1,Household is not deprived in any dimension,247
E01003142,Lambeth 035C,2,Household is deprived in one dimension,144
E01003142,Lambeth 035C,3,Household is deprived in two dimensions,53
E01003142,Lambeth 035C,4,Household is deprived in three dimensions,9
E01003142,Lambeth 035C,5,Household is deprived in four dimensions,0
E01003143,Lambeth 035D,-8,Does not apply,0
E01003143,Lambeth 035D,1,Household is not deprived in any dimension,209
E01003143,Lambeth 035D,2,Household is deprived in one dimension,187
E01003143,Lambeth 035D,3,Household is deprived in two dimensions,88
E01003143,Lambeth 035D,4,Household is deprived in three dimensions,24
E01003143,Lambeth 035D,5,Household is deprived in four dimensions,1
E01003144,Lambeth 034C,-8,Does not apply,0
E01003144,Lambeth 034C,1,Household is not deprived in any dimension,312
E01003144,Lambeth 034C,2,Household is deprived in one dimension,162
E01003144,Lambeth 034C,3,Household is deprived in two dimensions,44
E01003144,Lambeth 034C,4,Household is deprived in three dimensions,5
E01003144,Lambeth 034C,5,Household is deprived in four dimensions,1
E01003145,Lambeth 034D,-8,Does not apply,0
E01003145,Lambeth 034D,1,Household is not deprived in any dimension,321
E01003145,Lambeth 034D,2,Household is deprived in one dimension,268
E01003145,Lambeth 034D,3,Household is deprived in two dimensions,123
E01003145,Lambeth 034D,4,Household is deprived in three dimensions,31
E01003145,Lambeth 034D,5,Household is deprived in four dimensions,7
E01003146,Lambeth 035E,-8,Does not apply,0
E01003146,Lambeth 035E,1,Household is not deprived in any dimension,249
E01003146,Lambeth 035E,2,Household is deprived in one dimension,184
E01003146,Lambeth 035E,3,Household is deprived in two dimensions,92
E01003146,Lambeth 035E,4,Household is deprived in three dimensions,22
E01003146,Lambeth 035E,5,Household is deprived in four dimensions,1
E01003147,Lambeth 034E,-8,Does not apply,0
E01003147,Lambeth 034E,1,Household is not deprived in any dimension,379
E01003147,Lambeth 034E,2,Household is deprived in one dimension,280
E01003147,Lambeth 034E,3,Household is deprived in two dimensions,112
E01003147,Lambeth 034E,4,Household is deprived in three dimensions,27
E01003147,Lambeth 034E,5,Household is deprived in four dimensions,2
E01003148,Lambeth 032E,-8,Does not apply,0
E01003148,Lambeth 032E,1,Household is not deprived in any dimension,428
E01003148,Lambeth 032E,2,Household is deprived in one dimension,217
E01003148,Lambeth 032E,3,Household is deprived in two dimensions,88
E01003148,Lambeth 032E,4,Household is deprived in three dimensions,26
E01003148,Lambeth 032E,5,Household is deprived in four dimensions,1
E01003149,Lambeth 030D,-8,Does not apply,0
E01003149,Lambeth 030D,1,Household is not deprived in any dimension,379
E01003149,Lambeth 030D,2,Household is deprived in one dimension,242
E01003149,Lambeth 030D,3,Household is deprived in two dimensions,61
E01003149,Lambeth 030D,4,Household is deprived in three dimensions,13
E01003149,Lambeth 030D,5,Household is deprived in four dimensions,1
E01003150,Lambeth 032F,-8,Does not apply,0
E01003150,Lambeth 032F,1,Household is not deprived in any dimension,360
E01003150,Lambeth 032F,2,Household is deprived in one dimension,282
E01003150,Lambeth 032F,3,Household is deprived in two dimensions,139
E01003150,Lambeth 032F,4,Household is deprived in three dimensions,50
E01003150,Lambeth 032F,5,Household is deprived in four dimensions,8
E01003151,Lambeth 026E,-8,Does not apply,0
E01003151,Lambeth 026E,1,Household is not deprived in any dimension,324
E01003151,Lambeth 026E,2,Household is deprived in one dimension,286
E01003151,Lambeth 026E,3,Household is deprived in two dimensions,164
E01003151,Lambeth 026E,4,Household is deprived in three dimensions,38
E01003151,Lambeth 026E,5,Household is deprived in four dimensions,3
E01003152,Lambeth 027E,-8,Does not apply,0
E01003152,Lambeth 027E,1,Household is not deprived in any dimension,429
E01003152,Lambeth 027E,2,Household is deprived in one dimension,254
E01003152,Lambeth 027E,3,Household is deprived in two dimensions,61
E01003152,Lambeth 027E,4,Household is deprived in three dimensions,15
E01003152,Lambeth 027E,5,Household is deprived in four dimensions,1
E01003153,Lambeth 029D,-8,Does not apply,0
E01003153,Lambeth 029D,1,Household is not deprived in any dimension,610
E01003153,Lambeth 029D,2,Household is deprived in one dimension,299
E01003153,Lambeth 029D,3,Household is deprived in two dimensions,86
E01003153,Lambeth 029D,4,Household is deprived in three dimensions,23
E01003153,Lambeth 029D,5,Household is deprived in four dimensions,2
E01003154,Lambeth 030E,-8,Does not apply,0
E01003154,Lambeth 030E,1,Household is not deprived in any dimension,375
E01003154,Lambeth 030E,2,Household is deprived in one dimension,277
E01003154,Lambeth 030E,3,Household is deprived in two dimensions,125
E01003154,Lambeth 030E,4,Household is deprived in three dimensions,43
E01003154,Lambeth 030E,5,Household is deprived in four dimensions,3
E01003155,Lambeth 029E,-8,Does not apply,0
E01003155,Lambeth 029E,1,Household is not deprived in any dimension,413
E01003155,Lambeth 029E,2,Household is deprived in one dimension,206
E01003155,Lambeth 029E,3,Household is deprived in two dimensions,88
E01003155,Lambeth 029E,4,Household is deprived in three dimensions,21
E01003155,Lambeth 029E,5,Household is deprived in four dimensions,4
E01003156,Lambeth 023B,-8,Does not apply,0
E01003156,Lambeth 023B,1,Household is not deprived in any dimension,365
E01003156,Lambeth 023B,2,Household is deprived in one dimension,178
E01003156,Lambeth 023B,3,Household is deprived in two dimensions,89
E01003156,Lambeth 023B,4,Household is deprived in three dimensions,23
E01003156,Lambeth 023B,5,Household is deprived in four dimensions,4
E01003157,Lambeth 023C,-8,Does not apply,0
E01003157,Lambeth 023C,1,Household is not deprived in any dimension,398
E01003157,Lambeth 023C,2,Household is deprived in one dimension,119
E01003157,Lambeth 023C,3,Household is deprived in two dimensions,45
E01003157,Lambeth 023C,4,Household is deprived in three dimensions,11
E01003157,Lambeth 023C,5,Household is deprived in four dimensions,0
E01003158,Lambeth 023D,-8,Does not apply,0
E01003158,Lambeth 023D,1,Household is not deprived in any dimension,492
E01003158,Lambeth 023D,2,Household is deprived in one dimension,165
E01003158,Lambeth 023D,3,Household is deprived in two dimensions,56
E01003158,Lambeth 023D,4,Household is deprived in three dimensions,12
E01003158,Lambeth 023D,5,Household is deprived in four dimensions,1
E01003159,Lambeth 022C,-8,Does not apply,0
E01003159,Lambeth 022C,1,Household is not deprived in any dimension,433
E01003159,Lambeth 022C,2,Household is deprived in one dimension,265
E01003159,Lambeth 022C,3,Household is deprived in two dimensions,107
E01003159,Lambeth 022C,4,Household is deprived in three dimensions,33
E01003159,Lambeth 022C,5,Household is deprived in four dimensions,1
E01003160,Lambeth 022D,-8,Does not apply,0
E01003160,Lambeth 022D,1,Household is not deprived in any dimension,273
E01003160,Lambeth 022D,2,Household is deprived in one dimension,251
E01003160,Lambeth 022D,3,Household is deprived in two dimensions,88
E01003160,Lambeth 022D,4,Household is deprived in three dimensions,32
E01003160,Lambeth 022D,5,Household is deprived in four dimensions,0
E01003161,Lambeth 023E,-8,Does not apply,0
E01003161,Lambeth 023E,1,Household is not deprived in any dimension,315
E01003161,Lambeth 023E,2,Household is deprived in one dimension,150
E01003161,Lambeth 023E,3,Household is deprived in two dimensions,50
E01003161,Lambeth 023E,4,Household is deprived in three dimensions,16
E01003161,Lambeth 023E,5,Household is deprived in four dimensions,1
E01003162,Lambeth 022E,-8,Does not apply,0
E01003162,Lambeth 022E,1,Household is not deprived in any dimension,301
E01003162,Lambeth 022E,2,Household is deprived in one dimension,264
E01003162,Lambeth 022E,3,Household is deprived in two dimensions,134
E01003162,Lambeth 022E,4,Household is deprived in three dimensions,40
E01003162,Lambeth 022E,5,Household is deprived in four dimensions,5
E01003163,Lambeth 023F,-8,Does not apply,0
E01003163,Lambeth 023F,1,Household is not deprived in any dimension,336
E01003163,Lambeth 023F,2,Household is deprived in one dimension,190
E01003163,Lambeth 023F,3,Household is deprived in two dimensions,64
E01003163,Lambeth 023F,4,Household is deprived in three dimensions,11
E01003163,Lambeth 023F,5,Household is deprived in four dimensions,1
E01003164,Lambeth 025A,-8,Does not apply,0
E01003164,Lambeth 025A,1,Household is not deprived in any dimension,471
E01003164,Lambeth 025A,2,Household is deprived in one dimension,340
E01003164,Lambeth 025A,3,Household is deprived in two dimensions,147
E01003164,Lambeth 025A,4,Household is deprived in three dimensions,50
E01003164,Lambeth 025A,5,Household is deprived in four dimensions,1
E01003165,Lambeth 025B,-8,Does not apply,0
E01003165,Lambeth 025B,1,Household is not deprived in any dimension,373
E01003165,Lambeth 025B,2,Household is deprived in one dimension,218
E01003165,Lambeth 025B,3,Household is deprived in two dimensions,85
E01003165,Lambeth 025B,4,Household is deprived in three dimensions,23
E01003165,Lambeth 025B,5,Household is deprived in four dimensions,1
E01003166,Lambeth 028D,-8,Does not apply,0
E01003166,Lambeth 028D,1,Household is not deprived in any dimension,572
E01003166,Lambeth 028D,2,Household is deprived in one dimension,341
E01003166,Lambeth 028D,3,Household is deprived in two dimensions,159
E01003166,Lambeth 028D,4,Household is deprived in three dimensions,36
E01003166,Lambeth 028D,5,Household is deprived in four dimensions,7
E01003167,Lambeth 028E,-8,Does not apply,0
E01003167,Lambeth 028E,1,Household is not deprived in any dimension,448
E01003167,Lambeth 028E,2,Household is deprived in one dimension,165
E01003167,Lambeth 028E,3,Household is deprived in two dimensions,50
E01003167,Lambeth 028E,4,Household is deprived in three dimensions,17
E01003167,Lambeth 028E,5,Household is deprived in four dimensions,0
E01003168,Lambeth 025C,-8,Does not apply,0
E01003168,Lambeth 025C,1,Household is not deprived in any dimension,243
E01003168,Lambeth 025C,2,Household is deprived in one dimension,232
E01003168,Lambeth 025C,3,Household is deprived in two dimensions,135
E01003168,Lambeth 025C,4,Household is deprived in three dimensions,52
E01003168,Lambeth 025C,5,Household is deprived in four dimensions,1
E01003169,Lambeth 025D,-8,Does not apply,0
E01003169,Lambeth 025D,1,Household is not deprived in any dimension,586
E01003169,Lambeth 025D,2,Household is deprived in one dimension,287
E01003169,Lambeth 025D,3,Household is deprived in two dimensions,112
E01003169,Lambeth 025D,4,Household is deprived in three dimensions,37
E01003169,Lambeth 025D,5,Household is deprived in four dimensions,1
E01003170,Lambeth 025E,-8,Does not apply,0
E01003170,Lambeth 025E,1,Household is not deprived in any dimension,513
E01003170,Lambeth 025E,2,Household is deprived in one dimension,192
E01003170,Lambeth 025E,3,Household is deprived in two dimensions,56
E01003170,Lambeth 025E,4,Household is deprived in three dimensions,11
E01003170,Lambeth 025E,5,Household is deprived in four dimensions,0
E01003171,Lambeth 020B,-8,Does not apply,0
E01003171,Lambeth 020B,1,Household is not deprived in any dimension,421
E01003171,Lambeth 020B,2,Household is deprived in one dimension,238
E01003171,Lambeth 020B,3,Household is deprived in two dimensions,92
E01003171,Lambeth 020B,4,Household is deprived in three dimensions,32
E01003171,Lambeth 020B,5,Household is deprived in four dimensions,0
E01003172,Lambeth 024B,-8,Does not apply,0
E01003172,Lambeth 024B,1,Household is not deprived in any dimension,363
E01003172,Lambeth 024B,2,Household is deprived in one dimension,238
E01003172,Lambeth 024B,3,Household is deprived in two dimensions,130
E01003172,Lambeth 024B,4,Household is deprived in three dimensions,45
E01003172,Lambeth 024B,5,Household is deprived in four dimensions,2
E01003173,Lambeth 020C,-8,Does not apply,0
E01003173,Lambeth 020C,1,Household is not deprived in any dimension,383
E01003173,Lambeth 020C,2,Household is deprived in one dimension,193
E01003173,Lambeth 020C,3,Household is deprived in two dimensions,81
E01003173,Lambeth 020C,4,Household is deprived in three dimensions,10
E01003173,Lambeth 020C,5,Household is deprived in four dimensions,0
E01003174,Lambeth 024C,-8,Does not apply,0
E01003174,Lambeth 024C,1,Household is not deprived in any dimension,318
E01003174,Lambeth 024C,2,Household is deprived in one dimension,314
E01003174,Lambeth 024C,3,Household is deprived in two dimensions,141
E01003174,Lambeth 024C,4,Household is deprived in three dimensions,50
E01003174,Lambeth 024C,5,Household is deprived in four dimensions,5
E01003175,Lambeth 024D,-8,Does not apply,0
E01003175,Lambeth 024D,1,Household is not deprived in any dimension,219
E01003175,Lambeth 024D,2,Household is deprived in one dimension,205
E01003175,Lambeth 024D,3,Household is deprived in two dimensions,144
E01003175,Lambeth 024D,4,Household is deprived in three dimensions,38
E01003175,Lambeth 024D,5,Household is deprived in four dimensions,3
E01003176,Lambeth 016E,-8,Does not apply,0
E01003176,Lambeth 016E,1,Household is not deprived in any dimension,314
E01003176,Lambeth 016E,2,Household is deprived in one dimension,264
E01003176,Lambeth 016E,3,Household is deprived in two dimensions,146
E01003176,Lambeth 016E,4,Household is deprived in three dimensions,40
E01003176,Lambeth 016E,5,Household is deprived in four dimensions,2
E01003177,Lambeth 020D,-8,Does not apply,0
E01003177,Lambeth 020D,1,Household is not deprived in any dimension,341
E01003177,Lambeth 020D,2,Household is deprived in one dimension,204
E01003177,Lambeth 020D,3,Household is deprived in two dimensions,97
E01003177,Lambeth 020D,4,Household is deprived in three dimensions,23
E01003177,Lambeth 020D,5,Household is deprived in four dimensions,3
E01003178,Lambeth 020E,-8,Does not apply,0
E01003178,Lambeth 020E,1,Household is not deprived in any dimension,383
E01003178,Lambeth 020E,2,Household is deprived in one dimension,185
E01003178,Lambeth 020E,3,Household is deprived in two dimensions,70
E01003178,Lambeth 020E,4,Household is deprived in three dimensions,12
E01003178,Lambeth 020E,5,Household is deprived in four dimensions,2
E01003179,Lambeth 024E,-8,Does not apply,0
E01003179,Lambeth 024E,1,Household is not deprived in any dimension,240
E01003179,Lambeth 024E,2,Household is deprived in one dimension,240
E01003179,Lambeth 024E,3,Household is deprived in two dimensions,128
E01003179,Lambeth 024E,4,Household is deprived in three dimensions,27
E01003179,Lambeth 024E,5,Household is deprived in four dimensions,2
E01003180,Lambeth 005D,-8,Does not apply,0
E01003180,Lambeth 005D,1,Household is not deprived in any dimension,304
E01003180,Lambeth 005D,2,Household is deprived in one dimension,231
E01003180,Lambeth 005D,3,Household is deprived in two dimensions,84
E01003180,Lambeth 005D,4,Household is deprived in three dimensions,33
E01003180,Lambeth 005D,5,Household is deprived in four dimensions,3
E01003181,Lambeth 007A,-8,Does not apply,0
E01003181,Lambeth 007A,1,Household is not deprived in any dimension,286
E01003181,Lambeth 007A,2,Household is deprived in one dimension,228
E01003181,Lambeth 007A,3,Household is deprived in two dimensions,138
E01003181,Lambeth 007A,4,Household is deprived in three dimensions,38
E01003181,Lambeth 007A,5,Household is deprived in four dimensions,9
E01003182,Lambeth 009D,-8,Does not apply,0
E01003182,Lambeth 009D,1,Household is not deprived in any dimension,337
E01003182,Lambeth 009D,2,Household is deprived in one dimension,248
E01003182,Lambeth 009D,3,Household is deprived in two dimensions,129
E01003182,Lambeth 009D,4,Household is deprived in three dimensions,28
E01003182,Lambeth 009D,5,Household is deprived in four dimensions,2
E01003183,Lambeth 005E,-8,Does not apply,0
E01003183,Lambeth 005E,1,Household is not deprived in any dimension,241
E01003183,Lambeth 005E,2,Household is deprived in one dimension,231
E01003183,Lambeth 005E,3,Household is deprived in two dimensions,153
E01003183,Lambeth 005E,4,Household is deprived in three dimensions,46
E01003183,Lambeth 005E,5,Household is deprived in four dimensions,8
E01003184,Lambeth 007B,-8,Does not apply,0
E01003184,Lambeth 007B,1,Household is not deprived in any dimension,226
E01003184,Lambeth 007B,2,Household is deprived in one dimension,218
E01003184,Lambeth 007B,3,Household is deprived in two dimensions,120
E01003184,Lambeth 007B,4,Household is deprived in three dimensions,30
E01003184,Lambeth 007B,5,Household is deprived in four dimensions,2
E01003185,Lambeth 007C,-8,Does not apply,0
E01003185,Lambeth 007C,1,Household is not deprived in any dimension,396
E01003185,Lambeth 007C,2,Household is deprived in one dimension,232
E01003185,Lambeth 007C,3,Household is deprived in two dimensions,110
E01003185,Lambeth 007C,4,Household is deprived in three dimensions,51
E01003185,Lambeth 007C,5,Household is deprived in four dimensions,7
E01003186,Lambeth 007D,-8,Does not apply,0
E01003186,Lambeth 007D,1,Household is not deprived in any dimension,679
E01003186,Lambeth 007D,2,Household is deprived in one dimension,363
E01003186,Lambeth 007D,3,Household is deprived in two dimensions,123
E01003186,Lambeth 007D,4,Household is deprived in three dimensions,24
E01003186,Lambeth 007D,5,Household is deprived in four dimensions,2
E01003187,Lambeth 007E,-8,Does not apply,0
E01003187,Lambeth 007E,1,Household is not deprived in any dimension,513
E01003187,Lambeth 007E,2,Household is deprived in one dimension,307
E01003187,Lambeth 007E,3,Household is deprived in two dimensions,120
E01003187,Lambeth 007E,4,Household is deprived in three dimensions,48
E01003187,Lambeth 007E,5,Household is deprived in four dimensions,2
E01003188,Lambeth 009E,-8,Does not apply,0
E01003188,Lambeth 009E,1,Household is not deprived in any dimension,195
E01003188,Lambeth 009E,2,Household is deprived in one dimension,188
E01003188,Lambeth 009E,3,Household is deprived in two dimensions,121
E01003188,Lambeth 009E,4,Household is deprived in three dimensions,45
E01003188,Lambeth 009E,5,Household is deprived in four dimensions,2
E01032582,Lambeth 036E,-8,Does not apply,0
E01032582,Lambeth 036E,1,Household is not deprived in any dimension,611
E01032582,Lambeth 036E,2,Household is deprived in one dimension,372
E01032582,Lambeth 036E,3,Household is deprived in two dimensions,151
E01032582,Lambeth 036E,4,Household is deprived in three dimensions,31
E01032582,Lambeth 036E,5,Household is deprived in four dimensions,0
E01033208,Lambeth 004G,-8,Does not apply,0
E01033208,Lambeth 004G,1,Household is not deprived in any dimension,574
E01033208,Lambeth 004G,2,Household is deprived in one dimension,273
E01033208,Lambeth 004G,3,Household is deprived in two dimensions,78
E01033208,Lambeth 004G,4,Household is deprived in three dimensions,30
E01033208,Lambeth 004G,5,Household is deprived in four dimensions,1
E01033862,Lambeth 003F,-8,Does not apply,0
E01033862,Lambeth 003F,1,Household is not deprived in any dimension,496
E01033862,Lambeth 003F,2,Household is deprived in one dimension,183
E01033862,Lambeth 003F,3,Household is deprived in two dimensions,56
E01033862,Lambeth 003F,4,Household is deprived in three dimensions,8
E01033862,Lambeth 003F,5,Household is deprived in four dimensions,0
E01033863,Lambeth 003G,-8,Does not apply,0
E01033863,Lambeth 003G,1,Household is not deprived in any dimension,203
E01033863,Lambeth 003G,2,Household is deprived in one dimension,232
E01033863,Lambeth 003G,3,Household is deprived in two dimensions,126
E01033863,Lambeth 003G,4,Household is deprived in three dimensions,43
E01033863,Lambeth 003G,5,Household is deprived in four dimensions,1
E01033864,Lambeth 004H,-8,Does not apply,0
E01033864,Lambeth 004H,1,Household is not deprived in any dimension,174
E01033864,Lambeth 004H,2,Household is deprived in one dimension,163
E01033864,Lambeth 004H,3,Household is deprived in two dimensions,120
E01033864,Lambeth 004H,4,Household is deprived in three dimensions,30
E01033864,Lambeth 004H,5,Household is deprived in four dimensions,4
E01033865,Lambeth 004I,-8,Does not apply,0
E01033865,Lambeth 004I,1,Household is not deprived in any dimension,382
E01033865,Lambeth 004I,2,Household is deprived in one dimension,177
E01033865,Lambeth 004I,3,Household is deprived in two dimensions,25
E01033865,Lambeth 004I,4,Household is deprived in three dimensions,11
E01033865,Lambeth 004I,5,Household is deprived in four dimensions,2
E01033866,Lambeth 004J,-8,Does not apply,0
E01033866,Lambeth 004J,1,Household is not deprived in any dimension,475
E01033866,Lambeth 004J,2,Household is deprived in one dimension,130
E01033866,Lambeth 004J,3,Household is deprived in two dimensions,15
E01033866,Lambeth 004J,4,Household is deprived in three dimensions,3
E01033866,Lambeth 004J,5,Household is deprived in four dimensions,1
